feature,importance
MFCC_2_mean,0.22675883486120443
Centroid_mean,0.1647435114208144
Bandwidth_mean,0.1393625970442757
MFCC_1_mean,0.08644386118707868
MFCC_4_mean,0.08118974573499271
MFCC_3_mean,0.0490329064260332
MFCC_5_mean,0.04015054481157831
MFCC_7_mean,0.03631118831120683
MFCC_6_mean,0.02405971906930276
MFCC_10_mean,0.022184919163473954
MFCC_7_std,0.016012380866054162
MFCC_4_std,0.014712339317807702
MFCC_13_mean,0.01463695274850292
MFCC_10_std,0.012043128589553892
MFCC_11_mean,0.011843758205432537
MFCC_9_mean,0.010892034210017772
MFCC_12_std,0.007780073297457352
Centroid_std,0.006631182152664234
MFCC_3_std,0.006430677829356273
MFCC_8_std,0.006226024511520624
MFCC_5_std,0.004730605396326341
MFCC_2_std,0.0030051766552640527
MFCC_8_mean,0.0028887751084924213
MFCC_11_std,0.0028158960063876413
MFCC_9_std,0.0024050331961129718
MFCC_12_mean,0.0021553407306200917
MFCC_13_std,0.0016328368196200573
Bandwidth_std,0.0012033328120416692
MFCC_1_std,0.0011634728639558383
MFCC_6_std,0.0005531506528505827
