filename,true_label,leak_confidence,verdict,split
FLIR1419.jpg,leak,0.9979,leak,train
FLIR1421.jpg,leak,0.9996,leak,validation
FLIR1441.jpg,leak,0.6463,leak,train
FLIR1443.jpg,leak,0.7723,leak,validation
FLIR1445.jpg,leak,0.8057,leak,train
FLIR1447.jpg,leak,0.7091,leak,train
FLIR1449.jpg,leak,0.6241,leak,validation
FLIR1451.jpg,leak,0.3952,no_leak,validation
FLIR1453.jpg,leak,0.6675,leak,validation
FLIR1455.jpg,leak,0.6368,leak,train
FLIR1457.jpg,leak,0.7969,leak,train
FLIR1461.jpg,leak,0.3612,no_leak,train
FLIR1463.jpg,leak,0.5352,leak,train
FLIR1473.jpg,leak,0.8603,leak,validation
FLIR1475.jpg,leak,0.8645,leak,train
FLIR1477.jpg,leak,0.8507,leak,train
FLIR1493.jpg,leak,0.6976,leak,train
FLIR1495.jpg,leak,0.5789,leak,train
FLIR1529.jpg,leak,0.0757,no_leak,train
FLIR1531.jpg,leak,0.0661,no_leak,validation
FLIR1533.jpg,leak,0.4835,no_leak,train
FLIR1535.jpg,leak,0.4083,no_leak,train
FLIR1537.jpg,leak,0.5173,leak,train
FLIR1539.jpg,leak,0.6539,leak,train
FLIR1541.jpg,leak,0.2109,no_leak,validation
FLIR1543.jpg,leak,0.7647,leak,validation
FLIR1545.jpg,leak,0.7276,leak,train
FLIR1547.jpg,leak,0.5808,leak,validation
FLIR1549.jpg,leak,0.3952,no_leak,train
FLIR1551.jpg,leak,0.5333,leak,train
FLIR1553.jpg,leak,0.3853,no_leak,train
FLIR1555.jpg,leak,0.6901,leak,train
FLIR1557.jpg,leak,0.6351,leak,train
FLIR1559.jpg,leak,0.7424,leak,train
FLIR1561.jpg,leak,0.8139,leak,validation
FLIR1563.jpg,leak,0.8239,leak,train
FLIR1579.jpg,leak,0.8469,leak,train
FLIR1581.jpg,leak,0.8696,leak,train
FLIR1583.jpg,leak,0.8847,leak,train
FLIR1585.jpg,leak,0.8562,leak,train
FLIR1587.jpg,leak,0.8926,leak,train
FLIR1589.jpg,leak,0.8975,leak,train
FLIR1591.jpg,leak,0.9008,leak,train
FLIR1593.jpg,leak,0.9749,leak,train
FLIR1595.jpg,leak,0.9089,leak,train
FLIR1597.jpg,leak,0.9481,leak,train
FLIR1599.jpg,leak,0.9446,leak,train
FLIR1601.jpg,leak,0.9644,leak,train
FLIR1603.jpg,leak,0.9766,leak,train
FLIR1605.jpg,leak,0.9552,leak,train
FLIR1607.jpg,leak,0.9253,leak,train
FLIR1409.jpg,no_leak,0.228,no_leak,train
FLIR1411.jpg,no_leak,0.1243,no_leak,train
FLIR1413.jpg,no_leak,0.1054,no_leak,train
FLIR1415.jpg,no_leak,0.3944,no_leak,train
FLIR1417.jpg,no_leak,0.9731,leak,train
FLIR1425.jpg,no_leak,0.0387,no_leak,train
FLIR1427.jpg,no_leak,0.153,no_leak,train
FLIR1429.jpg,no_leak,0.1078,no_leak,validation
FLIR1431.jpg,no_leak,0.2247,no_leak,train
FLIR1433.jpg,no_leak,0.3111,no_leak,train
FLIR1435.jpg,no_leak,0.4394,no_leak,train
FLIR1437.jpg,no_leak,0.5943,leak,train
FLIR1439.jpg,no_leak,0.7809,leak,train
FLIR1459.jpg,no_leak,0.0421,no_leak,train
FLIR1465.jpg,no_leak,0.2313,no_leak,validation
FLIR1467.jpg,no_leak,0.1207,no_leak,train
FLIR1469.jpg,no_leak,0.3007,no_leak,train
FLIR1479.jpg,no_leak,0.5478,leak,train
FLIR1481.jpg,no_leak,0.4985,no_leak,validation
FLIR1485.jpg,no_leak,0.2827,no_leak,train
FLIR1487.jpg,no_leak,0.3816,no_leak,validation
FLIR1489.jpg,no_leak,0.5445,leak,train
FLIR1491.jpg,no_leak,0.6781,leak,validation
FLIR1497.jpg,no_leak,0.2027,no_leak,train
FLIR1499.jpg,no_leak,0.1832,no_leak,train
FLIR1501.jpg,no_leak,0.1508,no_leak,train
FLIR1503.jpg,no_leak,0.0931,no_leak,train
FLIR1505.jpg,no_leak,0.135,no_leak,train
FLIR1507.jpg,no_leak,0.1554,no_leak,validation
FLIR1509.jpg,no_leak,0.0685,no_leak,train
FLIR1511.jpg,no_leak,0.1384,no_leak,train
FLIR1513.jpg,no_leak,0.6749,leak,train
FLIR1515.jpg,no_leak,0.1134,no_leak,train
FLIR1517.jpg,no_leak,0.6112,leak,train
FLIR1519.jpg,no_leak,0.1079,no_leak,train
FLIR1521.jpg,no_leak,0.0961,no_leak,train
FLIR1523.jpg,no_leak,0.69,leak,train
FLIR1525.jpg,no_leak,0.1472,no_leak,train
FLIR1527.jpg,no_leak,0.7577,leak,validation
FLIR1565.jpg,no_leak,0.0557,no_leak,train
FLIR1567.jpg,no_leak,0.0594,no_leak,train
FLIR1569.jpg,no_leak,0.0788,no_leak,train
FLIR1571.jpg,no_leak,0.0281,no_leak,validation
FLIR1573.jpg,no_leak,0.0296,no_leak,train
FLIR1575.jpg,no_leak,0.0549,no_leak,train
FLIR1577.jpg,no_leak,0.0411,no_leak,validation
